scenario_id,variant,passed,decision_match_at_1,constraint_violation,ticket_field_accuracy,observed_primary_exception,expected_primary_exception,exception_match,fifo_break_justified,audit_complete,decision_status,recommended_truck,recommended_destination,fifo_break,rejected_count,latency_ms_total
S01_BASELINE,raw_fifo,True,True,False,0.0,NO_CONTEXT,NO_EXCEPTION,False,False,False,PREVIEW_READY,TRK-001,DST-COV-01,False,0,0
S01_BASELINE,fifo_safe,True,True,False,0.0,NO_EXCEPTION,NO_EXCEPTION,True,False,True,PREVIEW_READY,TRK-001,DST-COV-01,False,0,0
S01_BASELINE,heuristic,True,True,False,1.0,NO_EXCEPTION,NO_EXCEPTION,True,False,True,PREVIEW_READY,TRK-001,DST-COV-01,False,0,0
S01_BASELINE,full,True,True,False,1.0,NO_EXCEPTION,NO_EXCEPTION,True,False,True,PREVIEW_READY,TRK-001,DST-COV-01,False,0,0
S02_RAIN_OPEN,raw_fifo,True,False,True,0.0,NO_CONTEXT,RAIN_ON_OPEN_DESTINATION,False,False,False,PREVIEW_READY,TRK-001,DST-OPEN-01,False,0,0
S02_RAIN_OPEN,fifo_safe,True,True,False,0.0,RAIN_ON_OPEN_DESTINATION,RAIN_ON_OPEN_DESTINATION,True,True,True,PREVIEW_READY,TRK-003,DST-COV-01,True,5,0
S02_RAIN_OPEN,heuristic,True,True,False,1.0,RAIN_ON_OPEN_DESTINATION,RAIN_ON_OPEN_DESTINATION,True,True,True,PREVIEW_READY,TRK-003,DST-COV-01,True,5,0
S02_RAIN_OPEN,full,True,True,False,1.0,RAIN_ON_OPEN_DESTINATION,RAIN_ON_OPEN_DESTINATION,True,True,True,PREVIEW_READY,TRK-003,DST-COV-01,True,5,0
S03_WET_LOAD,raw_fifo,True,False,False,0.0,NO_CONTEXT,MANUAL_REVIEW_HINT,False,False,False,PREVIEW_READY,TRK-001,DST-DRY-01,False,0,0
S03_WET_LOAD,fifo_safe,True,True,False,0.0,MANUAL_REVIEW_HINT,MANUAL_REVIEW_HINT,True,False,False,REVIEW_REQUIRED,,,False,0,0
S03_WET_LOAD,heuristic,True,False,False,0.25,SYSTEM_BLOCK,MANUAL_REVIEW_HINT,False,False,False,BLOCKED,,,False,0,0
S03_WET_LOAD,full,True,True,False,1.0,MANUAL_REVIEW_HINT,MANUAL_REVIEW_HINT,True,False,False,REVIEW_REQUIRED,,,False,0,0
S04_CONVEYOR_DOWN,raw_fifo,True,False,True,0.0,NO_CONTEXT,RESOURCE_UNAVAILABLE,False,False,False,PREVIEW_READY,TRK-001,DST-COV-01,False,0,0
S04_CONVEYOR_DOWN,fifo_safe,True,True,False,0.0,RESOURCE_UNAVAILABLE,RESOURCE_UNAVAILABLE,True,False,True,PREVIEW_READY,TRK-001,DST-ALT-01,False,2,0
S04_CONVEYOR_DOWN,heuristic,True,True,False,1.0,RESOURCE_UNAVAILABLE,RESOURCE_UNAVAILABLE,True,False,True,PREVIEW_READY,TRK-001,DST-ALT-01,False,2,0
S04_CONVEYOR_DOWN,full,True,True,False,1.0,RESOURCE_UNAVAILABLE,RESOURCE_UNAVAILABLE,True,False,True,PREVIEW_READY,TRK-001,DST-ALT-01,False,2,0
S05_CONTRACT_PRIORITY,raw_fifo,True,False,False,0.0,NO_CONTEXT,NO_EXCEPTION,False,False,False,PREVIEW_READY,TRK-001,DST-COV-01,False,0,0
S05_CONTRACT_PRIORITY,fifo_safe,True,False,False,0.0,NO_EXCEPTION,NO_EXCEPTION,True,False,True,PREVIEW_READY,TRK-001,DST-COV-01,False,0,0
S05_CONTRACT_PRIORITY,heuristic,True,True,False,1.0,NO_EXCEPTION,NO_EXCEPTION,True,True,True,PREVIEW_READY,TRK-003,DST-COV-01,True,0,0
S05_CONTRACT_PRIORITY,full,True,True,False,1.0,NO_EXCEPTION,NO_EXCEPTION,True,True,True,PREVIEW_READY,TRK-003,DST-COV-01,True,0,0
S06_DOCUMENT_BLOCK,raw_fifo,True,False,False,0.0,NO_CONTEXT,DOCUMENT_BLOCK,False,False,False,PREVIEW_READY,TRK-001,DST-COV-01,False,0,0
S06_DOCUMENT_BLOCK,fifo_safe,True,False,False,0.0,MANUAL_REVIEW_HINT,DOCUMENT_BLOCK,False,False,False,REVIEW_REQUIRED,,,False,0,0
S06_DOCUMENT_BLOCK,heuristic,True,True,False,1.0,DOCUMENT_BLOCK,DOCUMENT_BLOCK,True,True,True,PREVIEW_READY,TRK-002,DST-COV-01,True,1,0
S06_DOCUMENT_BLOCK,full,True,True,False,1.0,DOCUMENT_BLOCK,DOCUMENT_BLOCK,True,True,True,PREVIEW_READY,TRK-002,DST-COV-01,True,1,0
S07_VEHICLE_INCOMPAT,raw_fifo,True,False,True,0.0,NO_CONTEXT,NO_EXCEPTION,False,False,False,PREVIEW_READY,TRK-001,DST-NARROW-01,False,0,0
S07_VEHICLE_INCOMPAT,fifo_safe,True,True,False,0.0,NO_EXCEPTION,NO_EXCEPTION,True,True,True,PREVIEW_READY,TRK-002,DST-NARROW-01,True,1,0
S07_VEHICLE_INCOMPAT,heuristic,True,True,False,1.0,NO_EXCEPTION,NO_EXCEPTION,True,True,True,PREVIEW_READY,TRK-002,DST-NARROW-01,True,1,0
S07_VEHICLE_INCOMPAT,full,True,True,False,1.0,NO_EXCEPTION,NO_EXCEPTION,True,True,True,PREVIEW_READY,TRK-002,DST-NARROW-01,True,1,0
S08_REDUCED_CAPACITY,raw_fifo,True,True,False,0.0,NO_CONTEXT,NO_EXCEPTION,False,False,False,PREVIEW_READY,TRK-001,DST-LOWCAP-01,False,0,0
S08_REDUCED_CAPACITY,fifo_safe,True,True,False,0.0,NO_EXCEPTION,NO_EXCEPTION,True,False,True,PREVIEW_READY,TRK-001,DST-LOWCAP-01,False,0,0
S08_REDUCED_CAPACITY,heuristic,True,True,False,1.0,NO_EXCEPTION,NO_EXCEPTION,True,False,True,PREVIEW_READY,TRK-001,DST-LOWCAP-01,False,0,0
S08_REDUCED_CAPACITY,full,True,True,False,1.0,NO_EXCEPTION,NO_EXCEPTION,True,False,True,PREVIEW_READY,TRK-001,DST-LOWCAP-01,False,0,0
S09_HUMAN_OVERRIDE,raw_fifo,True,True,False,0.0,NO_CONTEXT,RAIN_ON_OPEN_DESTINATION,False,False,False,PREVIEW_READY,TRK-001,DST-COV-01,False,0,0
S09_HUMAN_OVERRIDE,fifo_safe,True,True,False,0.0,RAIN_ON_OPEN_DESTINATION,RAIN_ON_OPEN_DESTINATION,True,False,True,PREVIEW_READY,TRK-001,DST-COV-01,False,3,0
S09_HUMAN_OVERRIDE,heuristic,True,True,False,1.0,RAIN_ON_OPEN_DESTINATION,RAIN_ON_OPEN_DESTINATION,True,False,True,PREVIEW_READY,TRK-001,DST-COV-01,False,3,0
S09_HUMAN_OVERRIDE,full,True,True,False,1.0,RAIN_ON_OPEN_DESTINATION,RAIN_ON_OPEN_DESTINATION,True,False,True,PREVIEW_READY,TRK-001,DST-COV-01,False,3,0
S10_FIFO_BREAK_JUSTIFIED,raw_fifo,True,False,True,0.0,NO_CONTEXT,RAIN_ON_OPEN_DESTINATION,False,False,False,PREVIEW_READY,TRK-001,DST-OPEN-01,False,0,0
S10_FIFO_BREAK_JUSTIFIED,fifo_safe,True,True,False,0.0,RAIN_ON_OPEN_DESTINATION,RAIN_ON_OPEN_DESTINATION,True,True,True,PREVIEW_READY,TRK-005,DST-COV-01,True,9,0
S10_FIFO_BREAK_JUSTIFIED,heuristic,True,True,False,1.0,RAIN_ON_OPEN_DESTINATION,RAIN_ON_OPEN_DESTINATION,True,True,True,PREVIEW_READY,TRK-005,DST-COV-01,True,9,0
S10_FIFO_BREAK_JUSTIFIED,full,True,True,False,1.0,RAIN_ON_OPEN_DESTINATION,RAIN_ON_OPEN_DESTINATION,True,True,True,PREVIEW_READY,TRK-005,DST-COV-01,True,9,0
